observed_at_utc,temp_c,humidity_pct,dew_point_c,pressure_hpa,wind_speed_ms,wind_gust_ms,wind_dir_deg,rain_mm,rain_rate_mmhr,solar_wm2,uv_index
2026-09-30T16:02:45Z,25.5,86,23.3,1016.3,0.0,0.0,165,0.0,0.0,0,0.0
2026-09-30T16:07:46Z,25.4,86,22.8,1016.3,0.0,0.0,165,0.0,0.0,0,0.0
2026-09-30T16:12:46Z,25.4,86,22.8,1016.3,0.5,0.2,165,0.0,0.0,0,0.0
2026-09-30T16:17:46Z,25.4,86,22.8,1016.2,0.4,0.2,165,0.0,0.0,0,0.0
2026-09-30T16:22:46Z,25.4,86,22.8,1016.2,0.7,0.2,165,0.0,0.0,0,0.0
2026-09-30T16:27:46Z,25.4,86,22.8,1016.1,0.8,0.2,159,0.0,0.0,0,0.0
2026-09-30T16:32:46Z,25.3,86,22.8,1016.0,0.4,0.2,159,0.0,0.0,0,0.0
2026-09-30T16:37:46Z,25.3,86,22.8,1016.1,0.2,0.2,159,0.0,0.0,0,0.0
2026-09-30T16:42:48Z,25.3,86,22.8,1016.0,0.1,0.1,159,0.0,0.0,0,0.0
2026-09-30T16:47:48Z,25.2,86,22.8,1015.9,0.2,0.1,159,0.0,0.0,0,0.0
2026-09-30T16:52:48Z,25.2,86,22.8,1016.0,0.1,0.1,159,0.0,0.0,0,0.0
2026-09-30T16:57:48Z,25.2,86,22.8,1015.9,0.1,0.1,159,0.0,0.0,0,0.0
2026-09-30T17:02:48Z,25.2,86,22.8,1015.9,0.4,0.1,159,0.0,0.0,0,0.0
2026-09-30T17:07:48Z,25.2,86,22.8,1015.9,0.4,0.1,159,0.0,0.0,0,0.0
2026-09-30T17:12:48Z,25.1,86,22.8,1015.8,0.3,0.1,159,0.0,0.0,0,0.0
2026-09-30T17:17:48Z,25.1,86,22.8,1015.8,0.0,0.1,159,0.0,0.0,0,0.0
2026-09-30T17:22:48Z,25.1,86,22.8,1015.9,0.1,0.2,159,0.0,0.0,0,0.0
2026-09-30T17:27:48Z,25.0,86,22.8,1015.7,0.3,0.1,152,0.0,0.0,0,0.0
2026-09-30T17:32:48Z,25.0,86,22.8,1015.7,0.0,0.1,153,0.0,0.0,0,0.0
2026-09-30T17:37:48Z,24.9,86,22.8,1015.7,0.0,0.1,154,0.0,0.0,0,0.0
2026-09-30T17:42:48Z,24.9,86,22.2,1015.6,0.2,0.1,154,0.0,0.0,0,0.0
2026-09-30T17:47:48Z,24.8,86,22.2,1015.6,0.6,0.1,154,0.0,0.0,0,0.0
2026-09-30T17:52:48Z,24.8,86,22.2,1015.5,0.2,0.2,154,0.0,0.0,0,0.0
2026-09-30T17:57:48Z,24.8,86,22.2,1015.5,0.7,0.2,153,0.0,0.0,0,0.0
2026-09-30T18:02:50Z,24.7,86,22.2,1015.5,0.8,0.1,153,0.0,0.0,0,0.0
2026-09-30T18:07:50Z,24.7,86,22.2,1015.5,0.0,0.1,153,0.0,0.0,0,0.0
2026-09-30T18:12:50Z,24.7,86,22.2,1015.4,0.6,0.2,155,0.0,0.0,0,0.0
2026-09-30T18:17:52Z,24.7,86,22.2,1015.4,0.9,0.2,155,0.0,0.0,0,0.0
2026-09-30T18:22:52Z,24.7,86,22.2,1015.4,0.5,0.2,154,0.0,0.0,0,0.0
2026-09-30T18:27:54Z,24.7,85,22.2,1015.3,1.2,0.3,154,0.0,0.0,0,0.0
2026-09-30T18:32:54Z,24.7,85,22.2,1015.1,0.6,0.3,155,0.0,0.0,0,0.0
2026-09-30T18:37:54Z,24.7,85,22.2,1015.2,0.0,0.3,155,0.0,0.0,0,0.0
2026-09-30T18:42:56Z,24.7,85,22.2,1015.2,0.1,0.1,155,0.0,0.0,0,0.0
2026-09-30T18:47:56Z,24.7,85,22.2,1015.2,0.4,0.1,154,0.0,0.0,0,0.0
2026-09-30T18:52:56Z,24.7,85,22.2,1015.2,0.3,0.1,153,0.0,0.0,0,0.0
2026-09-30T18:57:58Z,24.7,85,22.2,1015.2,0.4,0.1,153,0.0,0.0,0,0.0
2026-09-30T19:02:58Z,24.6,86,22.2,1015.2,0.2,0.1,153,0.0,0.0,0,0.0
2026-09-30T19:08:00Z,24.6,86,21.7,1015.0,0.1,0.1,153,0.0,0.0,0,0.0
2026-09-30T19:13:00Z,24.5,86,22.2,1015.1,0.4,0.1,153,0.0,0.0,0,0.0
2026-09-30T19:18:00Z,24.5,86,22.2,1015.0,0.2,0.1,153,0.0,0.0,0,0.0
2026-09-30T19:23:00Z,24.5,86,22.2,1015.1,0.7,0.2,153,0.0,0.0,0,0.0
2026-09-30T19:28:00Z,24.4,86,22.2,1015.1,1.1,0.3,153,0.0,0.0,0,0.0
2026-09-30T19:33:00Z,24.4,86,22.2,1015.1,0.8,0.3,157,0.0,0.0,0,0.0
2026-09-30T19:38:00Z,24.4,86,22.2,1015.1,0.1,0.3,156,0.0,0.0,0,0.0
2026-09-30T19:43:00Z,24.4,86,21.7,1015.1,0.2,0.1,156,0.0,0.0,0,0.0
2026-09-30T19:48:00Z,24.3,86,21.7,1015.2,0.0,0.1,155,0.0,0.0,0,0.0
2026-09-30T19:53:00Z,24.4,86,21.7,1015.2,0.2,0.1,155,0.0,0.0,0,0.0
2026-09-30T19:58:00Z,24.4,86,22.2,1015.2,0.2,0.2,155,0.0,0.0,0,0.0
2026-09-30T20:03:00Z,24.4,86,22.2,1015.3,0.7,0.2,155,0.0,0.0,0,0.0
2026-09-30T20:08:00Z,24.4,85,21.7,1015.4,0.8,0.3,155,0.0,0.0,0,0.0
2026-09-30T20:13:00Z,24.5,85,21.7,1015.3,0.2,0.3,155,0.0,0.0,0,0.0
2026-09-30T20:18:00Z,24.5,85,21.7,1015.3,0.4,0.2,155,0.0,0.0,0,0.0
2026-09-30T20:23:00Z,24.5,85,21.7,1015.3,0.3,0.3,155,0.0,0.0,0,0.0
2026-09-30T20:28:00Z,24.4,85,21.7,1015.4,0.3,0.3,156,0.0,0.0,0,0.0
2026-09-30T20:33:00Z,24.4,85,21.7,1015.4,0.0,0.1,156,0.0,0.0,0,0.0
2026-09-30T20:38:03Z,24.5,85,21.7,1015.3,0.8,0.2,157,0.0,0.0,0,0.0
2026-09-30T20:43:04Z,24.5,85,21.7,1015.3,1.1,0.2,157,0.0,0.0,0,0.0
2026-09-30T20:48:04Z,24.6,85,21.7,1015.4,0.7,0.3,157,0.0,0.0,0,0.0
2026-09-30T20:53:05Z,24.6,85,22.2,1015.4,0.9,0.3,156,0.0,0.0,0,0.0
2026-09-30T20:58:06Z,24.6,85,22.2,1015.4,0.8,0.3,155,0.0,0.0,0,0.0
2026-09-30T21:03:06Z,24.6,85,22.2,1015.4,0.7,0.3,155,0.0,0.0,0,0.0
2026-09-30T21:08:07Z,24.6,85,21.7,1015.3,0.5,0.3,155,0.0,0.0,0,0.0
2026-09-30T21:13:08Z,24.6,85,21.7,1015.4,0.3,0.3,155,0.0,0.0,0,0.0
2026-09-30T21:18:09Z,24.6,85,21.7,1015.4,0.4,0.2,155,0.0,0.0,0,0.0
2026-09-30T21:23:11Z,24.6,85,21.7,1015.4,0.2,0.2,155,0.0,0.0,0,0.0
2026-09-30T21:28:13Z,24.6,85,21.7,1015.4,0.6,0.1,137,0.0,0.0,0,0.0
2026-09-30T21:33:13Z,24.6,85,21.7,1015.4,0.4,0.2,141,0.0,0.0,0,0.0
2026-09-30T21:38:13Z,24.5,85,21.7,1015.5,0.3,0.3,143,0.0,0.0,0,0.0
2026-09-30T21:43:13Z,24.5,85,21.7,1015.5,0.4,0.3,142,0.0,0.0,0,0.0
2026-09-30T21:48:13Z,24.5,85,21.7,1015.6,0.3,0.2,141,0.0,0.0,0,0.0
2026-09-30T21:53:15Z,24.5,86,22.2,1015.6,0.8,0.2,143,0.0,0.0,5,0.0
2026-09-30T21:58:15Z,24.5,86,22.2,1015.6,0.0,0.2,143,0.0,0.0,9,0.0
2026-09-30T22:03:15Z,24.5,86,22.2,1015.6,0.6,0.1,143,0.0,0.0,12,0.0
2026-09-30T22:08:15Z,24.6,86,22.2,1015.6,0.9,0.2,150,0.0,0.0,14,0.0
2026-09-30T22:13:15Z,24.7,86,22.2,1015.6,0.8,0.3,136,0.0,0.0,19,0.0
2026-09-30T22:18:15Z,24.7,85,22.2,1015.6,0.8,0.3,148,0.0,0.0,21,0.0
2026-09-30T22:23:15Z,24.7,85,22.2,1015.7,0.7,0.2,149,0.0,0.0,23,0.0
2026-09-30T22:28:15Z,24.8,85,22.2,1015.8,0.4,0.2,154,0.0,0.0,37,0.0
2026-09-30T22:33:15Z,24.9,85,22.2,1015.8,0.7,0.3,150,0.0,0.0,51,0.0
2026-09-30T22:38:15Z,25.2,84,22.2,1015.8,0.9,0.3,165,0.0,0.0,70,0.0
2026-09-30T22:43:15Z,25.5,84,22.8,1015.9,0.7,0.3,156,0.0,0.0,84,0.0
2026-09-30T22:48:15Z,25.7,83,22.8,1016.0,0.7,0.2,133,0.0,0.0,104,0.0
2026-09-30T22:53:15Z,25.9,83,22.8,1016.0,0.4,0.2,144,0.0,0.0,125,0.0
2026-09-30T22:58:15Z,26.2,83,23.3,1016.0,0.8,0.2,143,0.0,0.0,146,0.0
2026-09-30T23:03:15Z,26.5,82,23.3,1016.0,0.3,0.2,142,0.0,0.0,171,0.0
2026-09-30T23:08:17Z,26.8,82,23.3,1016.2,0.5,0.2,140,0.0,0.0,195,0.0
2026-09-30T23:13:17Z,27.2,81,23.9,1016.2,0.7,0.3,144,0.0,0.0,216,0.5
2026-09-30T23:18:17Z,27.4,80,23.9,1016.4,0.9,0.2,151,0.0,0.0,232,0.6
2026-09-30T23:23:17Z,27.7,80,23.9,1016.4,0.5,0.2,152,0.0,0.0,255,0.7
2026-09-30T23:28:17Z,27.9,78,23.9,1016.4,0.8,0.2,155,0.0,0.0,274,0.8
2026-09-30T23:33:17Z,28.1,78,23.9,1016.5,0.9,0.3,154,0.0,0.0,292,0.8
2026-09-30T23:38:17Z,28.1,78,23.9,1016.6,1.1,0.3,153,0.0,0.0,311,0.9
2026-09-30T23:43:17Z,28.3,77,23.9,1016.6,1.1,0.3,165,0.0,0.0,329,1.0
2026-09-30T23:48:17Z,28.5,78,24.4,1016.7,0.8,0.3,158,0.0,0.0,352,1.1
2026-09-30T23:53:17Z,28.8,76,24.4,1016.8,1.0,0.3,155,0.0,0.0,367,1.3
2026-09-30T23:58:17Z,29.1,76,24.4,1016.9,0.8,0.3,151,0.0,0.0,385,1.4
2026-10-01T00:03:17Z,29.2,75,24.4,1016.8,0.4,0.3,124,0.0,0.0,399,1.5
2026-10-01T00:08:19Z,29.4,74,24.4,1016.9,0.9,0.3,43,0.0,0.0,415,1.6
2026-10-01T00:13:19Z,29.7,74,24.4,1017.0,0.4,0.3,150,0.0,0.0,432,1.7
2026-10-01T00:18:19Z,29.9,73,24.4,1017.0,0.5,0.3,142,0.0,0.0,452,1.9
2026-10-01T00:23:19Z,30.1,73,25.0,1017.0,0.8,0.3,105,0.0,0.0,471,2.0
2026-10-01T00:28:19Z,30.3,72,25.0,1017.0,0.6,0.4,62,0.0,0.0,487,2.2
2026-10-01T00:33:19Z,30.6,72,25.0,1016.9,0.7,0.4,95,0.0,0.0,504,2.3
2026-10-01T00:38:19Z,30.8,71,25.0,1017.0,0.5,0.3,143,0.0,0.0,522,2.5
2026-10-01T00:43:21Z,30.9,70,25.0,1017.0,1.0,0.3,71,0.0,0.0,541,2.7
2026-10-01T00:48:21Z,31.0,71,25.0,1017.0,0.8,0.3,131,0.0,0.0,557,2.8
2026-10-01T00:53:21Z,31.0,71,25.0,1016.9,0.3,0.3,140,0.0,0.0,578,3.0
2026-10-01T00:58:21Z,31.2,70,25.0,1017.0,0.8,0.3,90,0.0,0.0,592,3.1
2026-10-01T01:03:21Z,31.3,70,25.0,1016.9,0.7,0.2,47,0.0,0.0,603,3.3
2026-10-01T01:08:21Z,31.4,70,25.6,1017.0,0.5,0.2,55,0.0,0.0,617,3.5
2026-10-01T01:13:21Z,31.7,69,25.6,1017.1,0.5,0.3,44,0.0,0.0,631,3.6
2026-10-01T01:18:21Z,31.7,70,25.6,1017.2,2.7,0.6,120,0.0,0.0,645,3.8
2026-10-01T01:23:21Z,31.7,73,26.1,1017.3,1.3,0.6,305,0.0,0.0,661,4.0
2026-10-01T01:28:21Z,31.5,72,26.1,1017.3,1.5,0.3,312,0.0,0.0,666,4.1
2026-10-01T01:33:21Z,31.3,73,26.1,1017.3,1.2,0.3,293,0.0,0.0,691,4.3
2026-10-01T01:38:21Z,31.3,74,26.1,1017.3,1.0,0.3,313,0.0,0.0,701,4.5
2026-10-01T01:43:21Z,31.3,75,26.1,1017.4,1.1,0.3,336,0.0,0.0,715,4.7
2026-10-01T01:48:21Z,31.2,73,26.1,1017.4,0.9,0.3,298,0.0,0.0,729,4.9
2026-10-01T01:53:21Z,31.2,73,26.1,1017.3,1.0,0.3,312,0.0,0.0,742,5.1
2026-10-01T01:58:21Z,31.3,73,26.1,1017.2,1.1,0.3,312,0.0,0.0,754,5.2
2026-10-01T02:03:21Z,31.3,73,26.1,1017.3,1.0,0.4,284,0.0,0.0,763,5.4
2026-10-01T02:08:21Z,31.4,73,26.1,1017.3,1.0,0.3,300,0.0,0.0,775,5.6
2026-10-01T02:13:21Z,31.4,72,25.6,1017.2,1.6,0.4,306,0.0,0.0,788,5.8
2026-10-01T02:18:21Z,31.5,73,26.1,1017.0,1.1,0.4,300,0.0,0.0,795,5.9
2026-10-01T02:23:21Z,31.5,72,26.1,1017.0,1.3,0.3,291,0.0,0.0,812,6.1
2026-10-01T02:28:21Z,31.4,72,26.1,1017.2,1.5,0.4,304,0.0,0.0,819,6.2
2026-10-01T02:33:21Z,31.4,73,26.1,1017.1,1.6,0.4,308,0.0,0.0,826,6.4
2026-10-01T02:38:21Z,31.4,72,26.1,1017.1,1.7,0.4,281,0.0,0.0,837,6.5
2026-10-01T02:43:21Z,31.4,72,26.1,1017.2,1.6,0.4,289,0.0,0.0,854,6.6
2026-10-01T02:48:21Z,31.5,73,26.1,1017.1,1.7,0.4,287,0.0,0.0,867,6.7
2026-10-01T02:53:21Z,31.6,72,26.1,1017.2,1.7,0.4,289,0.0,0.0,142,6.9
2026-10-01T02:58:22Z,31.5,73,26.1,1017.1,1.9,0.4,272,0.0,0.0,932,7.1
2026-10-01T03:03:23Z,31.6,72,26.1,1017.0,2.4,0.5,303,0.0,0.0,889,7.0
2026-10-01T03:08:23Z,31.6,72,26.1,1016.9,1.5,0.5,310,0.0,0.0,914,7.1
2026-10-01T03:13:23Z,31.7,73,26.1,1016.9,1.2,0.4,304,0.0,0.0,925,7.3
2026-10-01T03:18:23Z,31.8,72,26.1,1016.9,1.5,0.4,288,0.0,0.0,928,7.2
2026-10-01T03:23:23Z,31.9,72,26.1,1016.8,2.1,0.5,277,0.0,0.0,905,5.8
2026-10-01T03:28:23Z,31.8,71,26.1,1016.7,1.1,0.5,306,0.0,0.0,898,7.4
2026-10-01T03:33:23Z,31.9,70,26.1,1016.5,1.8,0.4,280,0.0,0.0,893,7.4
2026-10-01T03:38:23Z,32.0,71,26.1,1016.4,2.3,0.4,279,0.0,0.0,891,7.4
2026-10-01T03:43:23Z,32.0,72,26.1,1016.4,1.8,0.4,328,0.0,0.0,902,7.5
2026-10-01T03:48:23Z,32.1,72,26.7,1016.2,1.6,0.4,311,0.0,0.0,895,7.5
2026-10-01T03:53:25Z,32.1,72,26.7,1016.2,2.4,0.4,294,0.0,0.0,904,7.5
2026-10-01T03:58:36Z,32.2,72,26.7,1016.2,1.8,0.4,269,0.0,0.0,896,7.5
2026-10-01T04:03:37Z,32.1,71,26.1,1016.1,2.0,0.4,290,0.0,0.0,911,7.6
2026-10-01T04:08:37Z,32.1,71,26.1,1016.1,2.5,0.5,299,0.0,0.0,916,7.6
2026-10-01T04:13:37Z,32.1,71,26.1,1016.0,2.1,0.4,298,0.0,0.0,944,7.6
2026-10-01T04:18:37Z,32.3,71,26.7,1015.9,1.0,0.4,248,0.0,0.0,958,7.6
2026-10-01T04:23:37Z,32.3,71,26.7,1015.9,1.4,0.4,309,0.0,0.0,935,7.6
2026-10-01T04:28:37Z,32.5,71,26.7,1015.8,2.1,0.4,298,0.0,0.0,940,5.9
2026-10-01T04:33:37Z,32.6,71,26.7,1015.8,2.3,0.5,294,0.0,0.0,895,7.3
2026-10-01T04:38:37Z,32.6,71,26.7,1015.7,1.8,0.5,292,0.0,0.0,884,7.1
2026-10-01T04:43:37Z,32.6,71,26.7,1015.7,1.8,0.4,288,0.0,0.0,868,7.0
2026-10-01T04:48:38Z,32.4,72,26.7,1015.7,1.3,0.4,282,0.0,0.0,879,6.9
2026-10-01T04:53:40Z,32.4,72,26.7,1015.6,1.7,0.4,291,0.0,0.0,886,6.9
2026-10-01T04:58:40Z,32.6,71,26.7,1015.5,1.7,0.4,308,0.0,0.0,868,6.7
2026-10-01T05:03:40Z,32.4,71,26.7,1015.5,2.5,0.4,273,0.0,0.0,865,6.6
2026-10-01T05:08:42Z,32.4,72,26.7,1015.4,1.3,0.4,305,0.0,0.0,705,6.3
2026-10-01T05:13:42Z,32.2,72,26.7,1015.4,2.3,0.4,306,0.0,0.0,338,4.1
2026-10-01T05:18:42Z,31.8,73,26.7,1015.4,2.0,0.5,268,0.0,0.0,919,6.2
2026-10-01T05:23:44Z,31.8,74,26.7,1015.4,1.4,0.5,275,0.0,0.0,888,6.1
2026-10-01T05:28:44Z,32.1,73,26.7,1015.1,2.1,0.4,313,0.0,0.0,842,6.1
2026-10-01T05:33:44Z,32.3,72,26.7,1015.1,1.6,0.4,323,0.0,0.0,814,5.8
2026-10-01T05:38:46Z,32.4,72,26.7,1015.0,1.8,0.4,324,0.0,0.0,809,5.7
2026-10-01T05:43:46Z,32.3,73,27.2,1015.1,2.5,0.5,297,0.0,0.0,795,5.5
2026-10-01T05:48:46Z,32.4,73,27.2,1015.0,2.1,0.5,278,0.0,0.0,791,5.4
2026-10-01T05:53:46Z,32.3,73,27.2,1015.0,1.6,0.4,301,0.0,0.0,786,5.2
2026-10-01T05:58:48Z,32.3,73,27.2,1014.8,2.1,0.4,312,0.0,0.0,759,4.9
2026-10-01T06:03:50Z,32.3,73,26.7,1014.9,1.9,0.4,282,0.0,0.0,745,4.7
2026-10-01T06:08:50Z,32.2,73,26.7,1014.7,1.8,0.4,307,0.0,0.0,738,4.6
2026-10-01T06:13:50Z,32.2,73,26.7,1014.7,2.6,0.5,297,0.0,0.0,735,4.4
2026-10-01T06:18:52Z,32.2,74,27.2,1014.7,1.5,0.5,292,0.0,0.0,728,4.3
2026-10-01T06:23:52Z,32.3,73,26.7,1014.6,2.4,0.4,313,0.0,0.0,715,4.0
2026-10-01T06:28:52Z,32.4,73,27.2,1014.6,1.1,0.4,298,0.0,0.0,703,3.9
2026-10-01T06:33:54Z,32.5,72,26.7,1014.6,2.1,0.4,279,0.0,0.0,700,3.7
2026-10-01T06:38:54Z,32.6,73,26.7,1014.6,1.2,0.4,288,0.0,0.0,707,3.3
2026-10-01T06:43:54Z,32.5,73,26.7,1014.5,1.7,0.4,296,0.0,0.0,691,3.3
2026-10-01T06:48:56Z,32.4,72,26.7,1014.6,2.1,0.4,274,0.0,0.0,724,3.2
2026-10-01T06:53:56Z,32.3,73,27.2,1014.6,2.0,0.5,284,0.0,0.0,663,2.9
2026-10-01T06:58:58Z,32.2,72,26.7,1014.6,2.2,0.5,288,0.0,0.0,654,2.8
2026-10-01T07:03:58Z,32.3,72,26.7,1014.7,1.4,0.4,296,0.0,0.0,545,2.6
2026-10-01T07:08:58Z,32.2,73,26.7,1014.7,1.9,0.4,301,0.0,0.0,577,2.4
2026-10-01T07:14:00Z,32.1,73,26.7,1014.7,1.4,0.4,282,0.0,0.0,606,2.3
2026-10-01T07:19:00Z,32.1,73,26.7,1014.6,1.7,0.4,322,0.0,0.0,613,2.1
2026-10-01T07:24:00Z,32.1,73,26.7,1014.7,1.7,0.4,307,0.0,0.0,589,1.9
2026-10-01T07:29:02Z,32.1,72,26.1,1014.7,2.0,0.4,282,0.0,0.0,557,1.9
2026-10-01T07:34:02Z,31.9,72,26.1,1014.7,2.1,0.4,288,0.0,0.0,541,1.7
2026-10-01T07:39:02Z,31.9,73,26.7,1014.7,2.0,0.4,308,0.0,0.0,550,1.6
2026-10-01T07:44:04Z,31.9,73,26.7,1014.7,1.7,0.4,289,0.0,0.0,513,1.4
2026-10-01T07:49:04Z,31.8,73,26.7,1014.7,2.1,0.4,307,0.0,0.0,540,1.3
2026-10-01T07:54:04Z,31.8,73,26.7,1014.7,1.5,0.4,275,0.0,0.0,501,1.1
2026-10-01T07:59:06Z,31.8,73,26.7,1014.8,1.5,0.4,319,0.0,0.0,443,1.0
2026-10-01T08:04:06Z,31.8,73,26.7,1014.9,1.8,0.4,286,0.0,0.0,425,0.9
2026-10-01T08:09:08Z,31.7,73,26.7,1014.9,1.8,0.4,314,0.0,0.0,427,0.8
2026-10-01T08:14:08Z,31.7,74,26.7,1014.8,1.7,0.4,321,0.0,0.0,352,0.6
2026-10-01T08:19:08Z,31.6,74,26.7,1014.9,1.3,0.3,289,0.0,0.0,352,0.6
2026-10-01T08:24:10Z,31.4,74,26.1,1014.9,1.5,0.4,284,0.0,0.0,367,0.5
2026-10-01T08:29:10Z,31.4,74,26.1,1014.9,1.6,0.4,295,0.0,0.0,336,0.0
2026-10-01T08:34:11Z,31.2,74,26.1,1014.9,1.3,0.4,303,0.0,0.0,306,0.0
2026-10-01T08:39:12Z,31.2,75,26.1,1014.9,1.1,0.4,276,0.0,0.0,255,0.0
2026-10-01T08:44:12Z,31.1,75,26.1,1014.8,1.1,0.2,315,0.0,0.0,207,0.0
2026-10-01T08:49:12Z,30.9,75,26.1,1014.8,1.6,0.4,319,0.0,0.0,121,0.0
2026-10-01T08:54:14Z,30.6,75,25.6,1014.8,1.2,0.4,298,0.0,0.0,171,0.0
2026-10-01T08:59:14Z,30.4,76,25.6,1015.0,0.9,0.4,306,0.0,0.0,107,0.0
2026-10-01T09:04:14Z,30.3,76,25.6,1014.9,1.3,0.3,304,0.0,0.0,95,0.0
2026-10-01T09:09:16Z,30.2,77,25.6,1014.8,1.3,0.3,299,0.0,0.0,91,0.0
2026-10-01T09:14:16Z,30.1,77,25.6,1014.9,1.3,0.3,304,0.0,0.0,91,0.0
2026-10-01T09:19:18Z,30.1,77,25.6,1014.8,0.9,0.3,291,0.0,0.0,58,0.0
2026-10-01T09:24:19Z,29.9,78,25.6,1014.8,1.1,0.2,308,0.0,0.0,40,0.0
2026-10-01T09:29:24Z,29.8,78,25.6,1014.8,0.9,0.2,285,0.0,0.0,32,0.0
2026-10-01T09:34:24Z,29.8,78,25.6,1014.9,0.6,0.2,337,0.0,0.0,14,0.0
2026-10-01T09:39:24Z,29.7,78,25.6,1014.9,0.4,0.2,323,0.0,0.0,9,0.0
2026-10-01T09:44:24Z,29.7,78,25.6,1014.9,0.4,0.1,320,0.0,0.0,0,0.0
2026-10-01T09:49:24Z,29.7,78,25.6,1014.9,0.5,0.1,317,0.0,0.0,0,0.0
2026-10-01T09:54:24Z,29.7,78,25.6,1015.0,0.6,0.2,309,0.0,0.0,0,0.0
2026-10-01T09:59:26Z,29.7,78,25.6,1015.2,0.2,0.2,310,0.0,0.0,0,0.0
2026-10-01T10:04:26Z,29.6,78,25.6,1015.2,0.2,0.1,310,0.0,0.0,0,0.0
2026-10-01T10:09:26Z,29.6,78,25.6,1015.2,0.2,0.1,63,0.0,0.0,0,0.0
2026-10-01T10:14:26Z,29.4,78,25.6,1015.2,0.2,0.1,69,0.0,0.0,0,0.0
2026-10-01T10:19:26Z,29.4,78,25.0,1015.3,0.1,0.1,71,0.0,0.0,0,0.0
2026-10-01T10:24:26Z,29.4,79,25.6,1015.4,0.2,0.1,98,0.0,0.0,0,0.0
2026-10-01T10:29:28Z,29.3,79,25.6,1015.3,0.1,0.1,98,0.0,0.0,0,0.0
2026-10-01T10:34:28Z,29.3,79,25.6,1015.3,0.4,0.2,98,0.0,0.0,0,0.0
2026-10-01T10:39:29Z,29.3,79,25.6,1015.3,0.3,0.2,98,0.0,0.0,0,0.0
2026-10-01T10:44:30Z,29.2,79,25.0,1015.5,0.3,0.1,98,0.0,0.0,0,0.0
2026-10-01T10:49:30Z,29.2,80,25.6,1015.6,0.4,0.1,98,0.0,0.0,0,0.0
2026-10-01T10:54:30Z,29.1,80,25.6,1015.7,0.2,0.1,98,0.0,0.0,0,0.0
2026-10-01T10:59:30Z,29.0,80,25.0,1015.7,0.1,0.1,98,0.0,0.0,0,0.0
2026-10-01T11:04:30Z,28.9,80,25.0,1015.8,0.2,0.1,98,0.0,0.0,0,0.0
2026-10-01T11:09:30Z,28.8,80,25.0,1015.8,0.0,0.0,98,0.0,0.0,0,0.0
2026-10-01T11:14:30Z,28.8,80,25.0,1015.8,0.0,0.1,113,0.0,0.0,0,0.0
2026-10-01T11:19:30Z,28.7,80,25.0,1015.8,0.0,0.1,112,0.0,0.0,0,0.0
2026-10-01T11:24:32Z,28.7,80,25.0,1015.9,0.0,0.1,111,0.0,0.0,0,0.0
2026-10-01T11:29:32Z,28.6,80,25.0,1015.9,0.9,0.2,101,0.0,0.0,0,0.0
2026-10-01T11:34:32Z,28.6,80,25.0,1016.0,1.1,0.3,360,0.0,0.0,0,0.0
2026-10-01T11:39:32Z,28.4,80,25.0,1016.1,0.8,0.3,104,0.0,0.0,0,0.0
2026-10-01T11:44:32Z,28.4,80,24.4,1016.3,1.0,0.3,44,0.0,0.0,0,0.0
2026-10-01T11:49:32Z,28.4,81,25.0,1016.5,0.4,0.3,50,0.0,0.0,0,0.0
2026-10-01T11:54:34Z,28.3,81,25.0,1016.5,0.4,0.2,64,0.0,0.0,0,0.0
2026-10-01T11:59:34Z,28.3,81,25.0,1016.6,0.0,0.1,65,0.0,0.0,0,0.0
2026-10-01T12:04:34Z,28.3,81,25.0,1016.7,0.0,0.0,64,0.0,0.0,0,0.0
2026-10-01T12:09:34Z,28.2,81,24.4,1016.6,0.4,0.2,78,0.0,0.0,0,0.0
2026-10-01T12:14:34Z,28.2,81,24.4,1016.7,0.3,0.2,90,0.0,0.0,0,0.0
2026-10-01T12:19:34Z,28.1,81,24.4,1016.7,0.4,0.2,111,0.0,0.0,0,0.0
2026-10-01T12:24:35Z,28.1,81,24.4,1016.7,0.3,0.3,113,0.0,0.0,0,0.0
2026-10-01T12:29:35Z,28.1,82,25.0,1016.7,0.5,0.3,93,0.0,0.0,0,0.0
2026-10-01T12:34:35Z,28.1,82,25.0,1016.8,0.4,0.3,81,0.0,0.0,0,0.0
2026-10-01T12:39:35Z,28.1,82,25.0,1016.9,0.2,0.3,90,0.0,0.0,0,0.0
2026-10-01T12:44:35Z,28.1,82,25.0,1017.0,0.0,0.2,89,0.0,0.0,0,0.0
2026-10-01T12:49:35Z,28.1,82,25.0,1017.1,0.4,0.1,90,0.0,0.0,0,0.0
2026-10-01T12:54:35Z,28.1,82,24.4,1017.2,0.1,0.1,89,0.0,0.0,0,0.0
2026-10-01T12:59:35Z,27.9,82,24.4,1017.3,0.0,0.1,90,0.0,0.0,0,0.0
2026-10-01T13:04:35Z,27.9,82,24.4,1017.3,0.0,0.0,90,0.0,0.0,0,0.0
2026-10-01T13:09:35Z,27.8,82,24.4,1017.3,0.2,0.1,90,0.0,0.0,0,0.0
2026-10-01T13:14:35Z,27.8,82,24.4,1017.4,0.1,0.1,90,0.0,0.0,0,0.0
2026-10-01T13:19:35Z,27.8,82,24.4,1017.3,0.0,0.0,90,0.0,0.0,0,0.0
2026-10-01T13:24:35Z,27.8,82,24.4,1017.4,0.0,0.0,90,0.0,0.0,0,0.0
2026-10-01T13:29:35Z,27.8,82,24.4,1017.5,0.0,0.0,90,0.0,0.0,0,0.0
2026-10-01T13:34:35Z,27.8,82,24.4,1017.4,0.0,0.0,90,0.0,0.0,0,0.0
2026-10-01T13:39:35Z,27.8,82,24.4,1017.3,0.0,0.0,90,0.0,0.0,0,0.0
2026-10-01T13:44:35Z,27.8,82,24.4,1017.4,0.0,0.0,90,0.0,0.0,0,0.0
2026-10-01T13:49:37Z,27.8,82,24.4,1017.5,0.1,0.0,90,0.0,0.0,0,0.0
2026-10-01T13:54:37Z,27.8,82,24.4,1017.5,0.0,0.0,90,0.0,0.0,0,0.0
2026-10-01T13:59:37Z,27.8,82,24.4,1017.5,0.0,0.0,90,0.0,0.0,0,0.0
2026-10-01T14:04:37Z,27.8,82,24.4,1017.6,0.0,0.0,90,0.0,0.0,0,0.0
2026-10-01T14:09:37Z,27.8,82,24.4,1017.6,0.0,0.0,90,0.0,0.0,0,0.0
2026-10-01T14:14:37Z,27.8,82,24.4,1017.5,0.0,0.0,90,0.0,0.0,0,0.0
2026-10-01T14:19:37Z,27.8,82,24.4,1017.5,0.3,0.1,90,0.0,0.0,0,0.0
2026-10-01T14:24:37Z,27.8,82,24.4,1017.5,0.0,0.1,90,0.0,0.0,0,0.0
2026-10-01T14:29:37Z,27.8,82,24.4,1017.5,0.2,0.0,90,0.0,0.0,0,0.0
2026-10-01T14:34:37Z,27.8,82,24.4,1017.5,0.0,0.1,90,0.0,0.0,0,0.0
2026-10-01T14:39:37Z,27.8,82,24.4,1017.5,0.0,0.1,90,0.0,0.0,0,0.0
2026-10-01T14:44:37Z,27.8,82,24.4,1017.5,0.0,0.0,90,0.0,0.0,0,0.0
2026-10-01T14:49:39Z,27.8,82,24.4,1017.6,0.0,0.0,90,0.0,0.0,0,0.0
2026-10-01T14:54:39Z,27.9,82,24.4,1017.5,0.0,0.0,90,0.0,0.0,0,0.0
2026-10-01T14:59:39Z,27.8,82,24.4,1017.5,0.0,0.0,90,0.0,0.0,0,0.0
2026-10-01T15:04:39Z,27.8,82,24.4,1017.5,0.0,0.0,90,0.0,0.0,0,0.0
2026-10-01T15:09:39Z,27.8,82,24.4,1017.5,0.0,0.0,90,0.0,0.0,0,0.0
2026-10-01T15:15:01Z,27.7,82,24.4,1017.5,0.0,0.0,90,0.0,0.0,0,0.0
2026-10-01T15:20:03Z,27.7,83,24.4,1017.4,0.0,0.0,90,0.0,0.0,0,0.0
2026-10-01T15:25:03Z,27.7,83,24.4,1017.4,0.0,0.0,90,0.0,0.0,0,0.0
2026-10-01T15:30:03Z,27.7,82,24.4,1017.4,0.0,0.0,94,0.0,0.0,0,0.0
2026-10-01T15:35:03Z,27.7,83,24.4,1017.4,0.0,0.0,94,0.0,0.0,0,0.0
2026-10-01T15:40:03Z,27.6,83,24.4,1017.4,0.0,0.0,94,0.0,0.0,0,0.0
2026-10-01T15:45:05Z,27.6,83,24.4,1017.4,0.0,0.0,94,0.0,0.0,0,0.0
2026-10-01T15:50:05Z,27.6,83,24.4,1017.4,0.0,0.0,94,0.0,0.0,0,0.0
2026-10-01T15:55:05Z,27.5,83,24.4,1017.3,0.0,0.0,94,0.0,0.0,0,0.0
2026-10-01T16:00:05Z,27.5,83,24.4,1017.2,0.0,0.0,94,0.0,0.0,0,0.0
2026-10-01T16:05:06Z,27.5,83,24.4,1017.1,0.0,0.0,94,0.0,0.0,0,0.0
